PlanId,BrandId,BreweryId,BarCode,QRCode
3,2,1,11003004,684892662
3,2,1,11003004,1707576491
3,2,1,11003004,2949634507
3,2,1,11003004,3298149995
3,2,1,11003004,3365667915
3,2,1,11003004,5342178381
3,2,1,11003004,6587419709
3,2,1,11003004,6601837288
3,2,1,11003004,7696154999
3,2,1,11003004,8374138315
3,2,1,11003004,8954109739
3,2,1,11003004,9367085402
3,2,1,11003004,9475512776
3,2,1,11003004,9828009116
3,2,1,11003007,276909811
3,2,1,11003007,1005606335
3,2,1,11003007,2406617397
3,2,1,11003007,2528933109
3,2,1,11003007,2628103888
3,2,1,11003007,4370785255
3,2,1,11003007,4465021600
3,2,1,11003007,4624549883
3,2,1,11003007,5449593824
3,2,1,11003007,7951797097
3,2,1,11003007,8896613745
3,2,1,11003007,9290544768
3,2,1,11003007,9685131634
3,2,1,11003007,9796292730
3,2,1,11003029,47836019
3,2,1,11003029,1233016347
3,2,1,11003029,2439988760
3,2,1,11003029,2632499521
3,2,1,11003029,3273244815
3,2,1,11003029,3527785595
3,2,1,11003029,5405381031
3,2,1,11003029,5435093281
3,2,1,11003029,5895624171
3,2,1,11003029,6240990363
3,2,1,11003029,6705206621
3,2,1,11003029,7968061312
3,2,1,11003029,8974158587
3,2,1,11003029,9428946069
3,2,1,11003033,180312629
3,2,1,11003033,1334243524
3,2,1,11003033,1743308256
3,2,1,11003033,2582257874
3,2,1,11003033,5079198427
3,2,1,11003033,5975685547
3,2,1,11003033,6400419503
3,2,1,11003033,6804842804
3,2,1,11003033,6996939628
3,2,1,11003033,7402768868
3,2,1,11003033,7462720660
3,2,1,11003033,7543533464
3,2,1,11003033,7746769352
3,2,1,11003033,8004997206
3,2,1,11003043,727660760
3,2,1,11003043,2267848235
3,2,1,11003043,2492644252
3,2,1,11003043,2787123079
3,2,1,11003043,2813923618
3,2,1,11003043,3565471401
3,2,1,11003043,4388448993
3,2,1,11003043,5399091177
3,2,1,11003043,7321948492
3,2,1,11003043,7386694572
3,2,1,11003043,7639864925
3,2,1,11003043,7970274944
3,2,1,11003043,8311433963
3,2,1,11003043,9354918361
3,2,1,11003053,24845822
3,2,1,11003053,44682733
3,2,1,11003053,678016006
3,2,1,11003053,849048865
3,2,1,11003053,1170758609
3,2,1,11003053,1233464198
3,2,1,11003053,2091532187
3,2,1,11003053,2170075053
3,2,1,11003053,3110909718
3,2,1,11003053,3646704598
3,2,1,11003053,3787561127
3,2,1,11003053,4189470103
3,2,1,11003053,5665584645
3,2,1,11003053,9025797156
3,2,1,11003061,933396036
3,2,1,11003061,1336246278
3,2,1,11003061,1849115926
3,2,1,11003061,2231475060
3,2,1,11003061,2689907825
3,2,1,11003061,3431877358
3,2,1,11003061,4786000022
3,2,1,11003061,5115718508
3,2,1,11003061,5122815406
3,2,1,11003061,5233898338
3,2,1,11003061,6275209995
3,2,1,11003061,8059232330
3,2,1,11003061,9260647188
3,2,1,11003061,9937971064
3,2,1,11003063,464826664
3,2,1,11003063,589921262
3,2,1,11003063,3707947860
3,2,1,11003063,3892554635
3,2,1,11003063,4204847962
3,2,1,11003063,4466282714
3,2,1,11003063,4639022796
3,2,1,11003063,5001233132
3,2,1,11003063,5613222096
3,2,1,11003063,5947957095
3,2,1,11003063,7253462144
3,2,1,11003063,8245120455
3,2,1,11003063,9680649417
3,2,1,11003063,9765023693
3,2,1,11003069,728964937
3,2,1,11003069,1667775135
3,2,1,11003069,4089256952
3,2,1,11003069,5641709607
3,2,1,11003069,5780193480
3,2,1,11003069,6304131290
3,2,1,11003069,6304359829
3,2,1,11003069,7181525515
3,2,1,11003069,7537725372
3,2,1,11003069,7916743670
3,2,1,11003069,8199888727
3,2,1,11003069,8336574135
3,2,1,11003069,9077538079
3,2,1,11003069,9929461164
3,2,1,11003073,46671368
3,2,1,11003073,394915336
3,2,1,11003073,1947504945
3,2,1,11003073,2666675780
3,2,1,11003073,2827905282
3,2,1,11003073,2919591582
3,2,1,11003073,3023295418
3,2,1,11003073,3636512008
3,2,1,11003073,3930424071
3,2,1,11003073,6158597985
3,2,1,11003073,6718586802
3,2,1,11003073,7102378819
3,2,1,11003073,7451833209
3,2,1,11003073,9083634249
3,2,1,11003078,86458281
3,2,1,11003078,420883869
3,2,1,11003078,1263550069
3,2,1,11003078,1427278281
3,2,1,11003078,2911975519
3,2,1,11003078,5525451913
3,2,1,11003078,5639338737
3,2,1,11003078,6247063323
3,2,1,11003078,6601941021
3,2,1,11003078,6737068835
3,2,1,11003078,7221356160
3,2,1,11003078,7641222515
3,2,1,11003078,8044314787
3,2,1,11003078,9073537619
3,2,1,11003079,256912618
3,2,1,11003079,1570947600
3,2,1,11003079,1982023865
3,2,1,11003079,2981695712
3,2,1,11003079,3047872947
3,2,1,11003079,3107730325
3,2,1,11003079,3354759345
3,2,1,11003079,4099171210
3,2,1,11003079,4243061976
3,2,1,11003079,6379764013
3,2,1,11003079,6962964867
3,2,1,11003079,8904621842
3,2,1,11003079,8996914988
3,2,1,11003079,9744100284
3,2,1,11003083,574350857
3,2,1,11003083,3515885410
3,2,1,11003083,3522609465
3,2,1,11003083,3543600807
3,2,1,11003083,7065061587
3,2,1,11003083,7105162151
3,2,1,11003083,7369791875
3,2,1,11003083,7376033529
3,2,1,11003083,7734374925
3,2,1,11003083,7959262558
3,2,1,11003083,8069352104
3,2,1,11003083,8371334120
3,2,1,11003083,8417992140
3,2,1,11003083,8670056821
3,2,1,11003085,1107696763
3,2,1,11003085,1760561851
3,2,1,11003085,2771035261
3,2,1,11003085,2969187115
3,2,1,11003085,3455248015
3,2,1,11003085,4136668853
3,2,1,11003085,4552725285
3,2,1,11003085,4740208557
3,2,1,11003085,5442467045
3,2,1,11003085,5451916727
3,2,1,11003085,6254291636
3,2,1,11003085,8057865894
3,2,1,11003085,8128364479
3,2,1,11003085,9805931374
3,2,1,11003092,670737113
3,2,1,11003092,722802984
3,2,1,11003092,917649230
3,2,1,11003092,1579895168
3,2,1,11003092,3895994932
3,2,1,11003092,4097308690
3,2,1,11003092,4213713835
3,2,1,11003092,4723450713
3,2,1,11003092,4930520197
3,2,1,11003092,5737291567
3,2,1,11003092,7386352358
3,2,1,11003092,7572923345
3,2,1,11003092,8182716572
3,2,1,11003092,9513092504
3,2,1,11003093,607090463
3,2,1,11003093,720458609
3,2,1,11003093,2051304513
3,2,1,11003093,2852189679
3,2,1,11003093,3256416829
3,2,1,11003093,3875250644
3,2,1,11003093,4241811794
3,2,1,11003093,4695184973
3,2,1,11003093,5991587284
3,2,1,11003093,7488562814
3,2,1,11003093,8299919155
3,2,1,11003093,9517311409
3,2,1,11003093,9691335598
3,2,1,11003093,9738076587
3,2,1,11003095,482291604
3,2,1,11003095,574069313
3,2,1,11003095,928036734
3,2,1,11003095,2556491330
3,2,1,11003095,4840520415
3,2,1,11003095,5110695516
3,2,1,11003095,5429109980
3,2,1,11003095,6190728187
3,2,1,11003095,6343254287
3,2,1,11003095,6976416664
3,2,1,11003095,7696453336
3,2,1,11003095,7944880210
3,2,1,11003095,9865459567
3,2,1,11003095,9929210047
3,2,1,11003097,291390027
3,2,1,11003097,969366517
3,2,1,11003097,2144608495
3,2,1,11003097,2383292068
3,2,1,11003097,3076599604
3,2,1,11003097,4787290317
3,2,1,11003097,5466621991
3,2,1,11003097,6027604561
3,2,1,11003097,6958362578
3,2,1,11003097,7904814400
3,2,1,11003097,8456504884
3,2,1,11003097,8795589333
3,2,1,11003097,8834565409
3,2,1,11003097,9153695657
3,2,1,11003100,1862303776
3,2,1,11003100,2710266414
3,2,1,11003100,2906592554
3,2,1,11003100,3059752209
3,2,1,11003100,3351805328
3,2,1,11003100,4434255158
3,2,1,11003100,4671265617
3,2,1,11003100,5013072931
3,2,1,11003100,6064944770
3,2,1,11003100,6253447497
3,2,1,11003100,6378655437
3,2,1,11003100,6839897367
3,2,1,11003100,7701326272
3,2,1,11003100,9904718156
3,2,1,11003101,1272257858
3,2,1,11003101,2522075033
3,2,1,11003101,2885897580
3,2,1,11003101,3368320515
3,2,1,11003101,3827054117
3,2,1,11003101,4836457959
3,2,1,11003101,5559698924
3,2,1,11003101,5858018268
3,2,1,11003101,6274406791
3,2,1,11003101,7500219080
3,2,1,11003101,8634380966
3,2,1,11003101,9319529531
3,2,1,11003101,9566755985
3,2,1,11003101,9875329843
3,2,1,11003104,444115019
3,2,1,11003104,484548267
3,2,1,11003104,1871856599
3,2,1,11003104,2255113450
3,2,1,11003104,2533772867
3,2,1,11003104,4932499846
3,2,1,11003104,5015782306
3,2,1,11003104,6003479535
3,2,1,11003104,6087956977
3,2,1,11003104,6279805214
3,2,1,11003104,6523270905
3,2,1,11003104,7952354955
3,2,1,11003104,8642278216
3,2,1,11003104,8777380318
3,2,1,11003107,4154011
3,2,1,11003107,1018952723
3,2,1,11003107,1071493671
3,2,1,11003107,1476975033
3,2,1,11003107,1843532974
3,2,1,11003107,4022979632
3,2,1,11003107,4095950990
3,2,1,11003107,5133421458
3,2,1,11003107,6222633954
3,2,1,11003107,6534371871
3,2,1,11003107,7557217412
3,2,1,11003107,7837675412
3,2,1,11003107,8274328864
3,2,1,11003107,9681516223
3,2,1,11003110,65267619
3,2,1,11003110,522041572
3,2,1,11003110,629916788
3,2,1,11003110,958397653
3,2,1,11003110,1486927058
3,2,1,11003110,3426595537
3,2,1,11003110,4170985887
3,2,1,11003110,6219298597
3,2,1,11003110,6261968162
3,2,1,11003110,6839103226
3,2,1,11003110,6988974936
3,2,1,11003110,9142611984
3,2,1,11003110,9506061928
3,2,1,11003110,9688674728
3,2,1,11003114,1042158719
3,2,1,11003114,1623827214
3,2,1,11003114,2676735519
3,2,1,11003114,3499723304
3,2,1,11003114,3741842747
3,2,1,11003114,5729100444
3,2,1,11003114,6115712538
3,2,1,11003114,6479128508
3,2,1,11003114,6836514173
3,2,1,11003114,7433657491
3,2,1,11003114,8654552330
3,2,1,11003114,8674121232
3,2,1,11003114,9310698690
3,2,1,11003114,9737560835
3,2,1,11003115,933097399
3,2,1,11003115,995960183
3,2,1,11003115,1157448227
3,2,1,11003115,1748528024
3,2,1,11003115,1991592420
3,2,1,11003115,2097263017
3,2,1,11003115,2153680199
3,2,1,11003115,2441094881
3,2,1,11003115,2580063791
3,2,1,11003115,2909555328
3,2,1,11003115,2931418237
3,2,1,11003115,3201470797
3,2,1,11003115,4102838445
3,2,1,11003115,4451234745
3,2,1,11003115,5270477766
3,2,1,11003115,5587895835
3,2,1,11003115,5649566613
3,2,1,11003115,5959954890
3,2,1,11003115,6796534129
3,2,1,11003115,7035193995
3,2,1,11003115,7236265323
3,2,1,11003115,7505378277
3,2,1,11003115,7823354641
3,2,1,11003115,8099632097
3,2,1,11003115,8232205662
3,2,1,11003115,8875993346
3,2,1,11003115,9109015954
3,2,1,11003115,9891355499
3,2,1,11003121,105056348
3,2,1,11003121,445471669
3,2,1,11003121,679501489
3,2,1,11003121,1012368965
3,2,1,11003121,2392730659
3,2,1,11003121,2569880586
3,2,1,11003121,5425364086
3,2,1,11003121,6332238083
3,2,1,11003121,7172912022
3,2,1,11003121,7195237608
3,2,1,11003121,7362495576
3,2,1,11003121,8307881698
3,2,1,11003121,8409802847
3,2,1,11003121,8543939352
3,2,1,11003125,24018357
3,2,1,11003125,308988363
3,2,1,11003125,959332742
3,2,1,11003125,2169648182
3,2,1,11003125,2244691028
3,2,1,11003125,2931163611
3,2,1,11003125,2966550129
3,2,1,11003125,4037199411
3,2,1,11003125,4085564870
3,2,1,11003125,4214182296
3,2,1,11003125,4277483351
3,2,1,11003125,4806425597
3,2,1,11003125,6062977372
3,2,1,11003125,9270116281
3,2,1,11003129,368286087
3,2,1,11003129,668027225
3,2,1,11003129,1257688057
3,2,1,11003129,2640835763
3,2,1,11003129,3313646408
3,2,1,11003129,5001446840
3,2,1,11003129,5826230788
3,2,1,11003129,6250330711
3,2,1,11003129,6621795942
3,2,1,11003129,6883151680
3,2,1,11003129,7064693949
3,2,1,11003129,7614918005
3,2,1,11003129,8511497776
3,2,1,11003129,9686718117
3,2,1,11003132,857194111
3,2,1,11003132,1530154446
3,2,1,11003132,1622568103
3,2,1,11003132,2065189335
3,2,1,11003132,2381652181
3,2,1,11003132,2705497470
3,2,1,11003132,3217824939
3,2,1,11003132,4381390154
3,2,1,11003132,5078455083
3,2,1,11003132,5317829034
3,2,1,11003132,5406092833
3,2,1,11003132,6782136542
3,2,1,11003132,7808135877
3,2,1,11003132,9194106321
3,2,1,11003133,2053679874
3,2,1,11003133,2176278856
3,2,1,11003133,2317197356
3,2,1,11003133,3368983924
3,2,1,11003133,4000437239
3,2,1,11003133,4940051081
3,2,1,11003133,6489475984
3,2,1,11003133,7272859326
3,2,1,11003133,7337320020
3,2,1,11003133,7611316356
3,2,1,11003133,7800283597
3,2,1,11003133,8331792464
3,2,1,11003133,8499736044
3,2,1,11003133,9235643401
3,2,1,11003134,934258822
3,2,1,11003134,1280603715
3,2,1,11003134,2159276524
3,2,1,11003134,2222393643
3,2,1,11003134,3389097370
3,2,1,11003134,4152611861
3,2,1,11003134,4540594134
3,2,1,11003134,5476354664
3,2,1,11003134,5786751863
3,2,1,11003134,6412531158
3,2,1,11003134,6472620477
3,2,1,11003134,7670129933
3,2,1,11003134,7987513349
3,2,1,11003134,9111918791
3,2,1,11003141,413517839
3,2,1,11003141,757243044
3,2,1,11003141,1039138510
3,2,1,11003141,1604271320
3,2,1,11003141,4611241562
3,2,1,11003141,4655009371
3,2,1,11003141,5283731072
3,2,1,11003141,5445879334
3,2,1,11003141,5731873374
3,2,1,11003141,6891105816
3,2,1,11003141,7913187078
3,2,1,11003141,8232609676
3,2,1,11003141,8994442648
3,2,1,11003141,9828109188
3,2,1,11003153,1847690704
3,2,1,11003153,2123839841
3,2,1,11003153,3048919689
3,2,1,11003153,3148841804
3,2,1,11003153,3192044062
3,2,1,11003153,3445591728
3,2,1,11003153,4834722934
3,2,1,11003153,5931026062
3,2,1,11003153,6242767512
3,2,1,11003153,6613391401
3,2,1,11003153,6873480568
3,2,1,11003153,7472393152
3,2,1,11003153,9267764342
3,2,1,11003153,9588730145
3,2,1,11003157,687902997
3,2,1,11003157,1683427893
3,2,1,11003157,1711931683
3,2,1,11003157,2438317699
3,2,1,11003157,2520991635
3,2,1,11003157,2640404338
3,2,1,11003157,2669064369
3,2,1,11003157,2675889721
3,2,1,11003157,3913971537
3,2,1,11003157,5205238339
3,2,1,11003157,5984987151
3,2,1,11003157,6561802936
3,2,1,11003157,7426728933
3,2,1,11003157,8798595868
3,2,1,11003163,24592963
3,2,1,11003163,345058475
3,2,1,11003163,1407010050
3,2,1,11003163,1527767475
3,2,1,11003163,1957489978
3,2,1,11003163,2387118110
3,2,1,11003163,2448516765
3,2,1,11003163,2649941398
3,2,1,11003163,2773720204
3,2,1,11003163,3022898063
3,2,1,11003163,3909621563
3,2,1,11003163,4054362908
3,2,1,11003163,4201798679
3,2,1,11003163,4450080320
3,2,1,11003163,4849805021
3,2,1,11003163,4948630983
3,2,1,11003163,5169958156
3,2,1,11003163,5443526692
3,2,1,11003163,6949881468
3,2,1,11003163,7361043791
3,2,1,11003163,7589755063
3,2,1,11003163,7802065336
3,2,1,11003163,7882907972
3,2,1,11003163,8091255145
3,2,1,11003163,8507803050
3,2,1,11003163,8985774756
3,2,1,11003163,9078558782
3,2,1,11003163,9685167741
3,2,1,11003168,799069323
3,2,1,11003168,1086567820
3,2,1,11003168,2564394310
3,2,1,11003168,2764195041
3,2,1,11003168,3057729656
3,2,1,11003168,3275183939
3,2,1,11003168,3850604970
3,2,1,11003168,4157455666
3,2,1,11003168,4380987507
3,2,1,11003168,4416432390
3,2,1,11003168,4505337385
3,2,1,11003168,4602280424
3,2,1,11003168,5208188417
3,2,1,11003168,5327479110
3,2,1,11003168,5560752482
3,2,1,11003168,5694354666
3,2,1,11003168,5722974666
3,2,1,11003168,5751751755
3,2,1,11003168,6003628641
3,2,1,11003168,6013464146
3,2,1,11003168,6186705808
3,2,1,11003168,6721373471
3,2,1,11003168,7267817414
3,2,1,11003168,7976426384
3,2,1,11003168,7989128870
3,2,1,11003168,8153089308
3,2,1,11003168,9219031000
3,2,1,11003168,9941361567
3,2,1,11003199,702850821
3,2,1,11003199,2732379572
3,2,1,11003199,3018434516
3,2,1,11003199,3096542707
3,2,1,11003199,3697187775
3,2,1,11003199,4513729002
3,2,1,11003199,5055356281
3,2,1,11003199,6334335400
3,2,1,11003199,6896980970
3,2,1,11003199,7237714006
3,2,1,11003199,7817359517
3,2,1,11003199,7863652725
3,2,1,11003199,8514519302
3,2,1,11003199,9253117971
3,2,1,11003208,27093119
3,2,1,11003208,879810126
3,2,1,11003208,2788268844
3,2,1,11003208,2988016290
3,2,1,11003208,3197297811
3,2,1,11003208,3761150923
3,2,1,11003208,4322373353
3,2,1,11003208,6029930108
3,2,1,11003208,6438020400
3,2,1,11003208,6697322393
3,2,1,11003208,6924201641
3,2,1,11003208,7578517148
3,2,1,11003208,7859320865
3,2,1,11003208,8130353927
3,2,1,11003221,1505246997
3,2,1,11003221,1984041640
3,2,1,11003221,2515957645
3,2,1,11003221,3600195559
3,2,1,11003221,3731151238
3,2,1,11003221,5415864507
3,2,1,11003221,6934671795
3,2,1,11003221,7746867958
3,2,1,11003221,8376899613
3,2,1,11003221,8598049538
3,2,1,11003221,9276420934
3,2,1,11003221,9352700319
3,2,1,11003221,9355902526
3,2,1,11003221,9768510021
3,2,1,11003231,389016796
3,2,1,11003231,727832286
3,2,1,11003231,1831590467
3,2,1,11003231,2920377524
3,2,1,11003231,6079970750
3,2,1,11003231,6287995581
3,2,1,11003231,6959038491
3,2,1,11003231,7238765097
3,2,1,11003231,7991851688
3,2,1,11003231,8143341326
3,2,1,11003231,8851300758
3,2,1,11003231,9395089522
3,2,1,11003231,9460224365
3,2,1,11003231,9887828751
3,2,1,11003241,794821659
3,2,1,11003241,1723373546
3,2,1,11003241,2297643967
3,2,1,11003241,3005499297
3,2,1,11003241,3089051767
3,2,1,11003241,4114920538
3,2,1,11003241,4805372846
3,2,1,11003241,5644691954
3,2,1,11003241,6250645348
3,2,1,11003241,6722530909
3,2,1,11003241,6840854820
3,2,1,11003241,7829545378
3,2,1,11003241,9644338624
3,2,1,11003241,9678433078
3,2,1,11003242,212721118
3,2,1,11003242,720390437
3,2,1,11003242,744337114
3,2,1,11003242,775059473
3,2,1,11003242,893040178
3,2,1,11003242,1293824137
3,2,1,11003242,1474527152
3,2,1,11003242,1848095751
3,2,1,11003242,2048761800
3,2,1,11003242,2447394407
3,2,1,11003242,2695714234
3,2,1,11003242,3367043671
3,2,1,11003242,3574260917
3,2,1,11003242,4269875109
3,2,1,11003242,4487780441
3,2,1,11003242,4529866407
3,2,1,11003242,5167243703
3,2,1,11003242,5276077340
3,2,1,11003242,5293348223
3,2,1,11003242,5748739625
3,2,1,11003242,5875722851
3,2,1,11003242,6770913162
3,2,1,11003242,6836129143
3,2,1,11003242,7506567589
3,2,1,11003242,8079421569
3,2,1,11003242,9642103763
3,2,1,11003242,9715161156
3,2,1,11003242,9899046809
3,2,1,11003248,946110061
3,2,1,11003248,1159750254
3,2,1,11003248,1529381499
3,2,1,11003248,1956714535
3,2,1,11003248,2738248285
3,2,1,11003248,3426518709
3,2,1,11003248,3677124909
3,2,1,11003248,4209505082
3,2,1,11003248,4267963217
3,2,1,11003248,4994718375
3,2,1,11003248,5023968313
3,2,1,11003248,5333188931
3,2,1,11003248,5748691368
3,2,1,11003248,5949522355
3,2,1,11003248,5957715285
3,2,1,11003248,6106385406
3,2,1,11003248,6325123391
3,2,1,11003248,6628619921
3,2,1,11003248,7550174770
3,2,1,11003248,7659536684
3,2,1,11003248,7870706836
3,2,1,11003248,8094360342
3,2,1,11003248,8099564005
3,2,1,11003248,8286969624
3,2,1,11003248,8678914644
3,2,1,11003248,9616815005
3,2,1,11003248,9875895340
3,2,1,11003248,9886732406
3,2,1,11003250,28145732
3,2,1,11003250,314053371
3,2,1,11003250,427584852
3,2,1,11003250,2444163705
3,2,1,11003250,3946260115
3,2,1,11003250,4950693713
3,2,1,11003250,5791878364
3,2,1,11003250,5866442615
3,2,1,11003250,6680910247
3,2,1,11003250,8054531475
3,2,1,11003250,8733744179
3,2,1,11003250,8770330949
3,2,1,11003250,9093248559
3,2,1,11003250,9314247411
3,2,1,11003252,188752816
3,2,1,11003252,1262329092
3,2,1,11003252,2503379879
3,2,1,11003252,2949149955
3,2,1,11003252,2961217049
3,2,1,11003252,3875295923
3,2,1,11003252,3966621867
3,2,1,11003252,4057158780
3,2,1,11003252,4217055882
3,2,1,11003252,4798235253
3,2,1,11003252,6356914520
3,2,1,11003252,7208433075
3,2,1,11003252,7332504844
3,2,1,11003252,8315227438
3,2,1,11003253,1220555297
3,2,1,11003253,2298565033
3,2,1,11003253,5033233659
3,2,1,11003253,5822188930
3,2,1,11003253,6123968206
3,2,1,11003253,6515019224
3,2,1,11003253,7184863139
3,2,1,11003253,7242476763
3,2,1,11003253,8292884763
3,2,1,11003253,8819209695
3,2,1,11003253,8932581135
3,2,1,11003253,9269837919
3,2,1,11003253,9626184867
3,2,1,11003253,9811807120
3,2,1,11003255,125686050
3,2,1,11003255,433714844
3,2,1,11003255,625423267
3,2,1,11003255,721286744
3,2,1,11003255,896684329
3,2,1,11003255,904715318
3,2,1,11003255,1300489342
3,2,1,11003255,1426474238
3,2,1,11003255,2066761384
3,2,1,11003255,2439936054
3,2,1,11003255,2977676443
3,2,1,11003255,3172534885
3,2,1,11003255,4293640818
3,2,1,11003255,4529791209
3,2,1,11003255,4724452240
3,2,1,11003255,5396066399
3,2,1,11003255,5699026372
3,2,1,11003255,6465248585
3,2,1,11003255,6491440500
3,2,1,11003255,7010297761
3,2,1,11003255,7154240490
3,2,1,11003255,7183326040
3,2,1,11003255,7728355848
3,2,1,11003255,8466999846
3,2,1,11003255,8697715036
3,2,1,11003255,8859519926
3,2,1,11003255,9348655287
3,2,1,11003255,9561685277
3,2,1,11003257,988039875
3,2,1,11003257,1451362468
3,2,1,11003257,3771163952
3,2,1,11003257,3857616368
3,2,1,11003257,4147212525
3,2,1,11003257,4633872270
3,2,1,11003257,5605589176
3,2,1,11003257,6937227835
3,2,1,11003257,7447970476
3,2,1,11003257,7479978576
3,2,1,11003257,9137470769
3,2,1,11003257,9536294658
3,2,1,11003257,9547754769
3,2,1,11003257,9748983599
3,2,1,11003258,418484215
3,2,1,11003258,750833932
3,2,1,11003258,1113326649
3,2,1,11003258,1239208332
3,2,1,11003258,1428281800
3,2,1,11003258,3692965718
3,2,1,11003258,4421312044
3,2,1,11003258,5661617899
3,2,1,11003258,5989597253
3,2,1,11003258,6405235660
3,2,1,11003258,6621030280
3,2,1,11003258,7345085244
3,2,1,11003258,7781021828
3,2,1,11003258,9370991237
3,2,1,11003265,184391789
3,2,1,11003265,302386115
3,2,1,11003265,827833411
3,2,1,11003265,906622128
3,2,1,11003265,1196225783
3,2,1,11003265,1539020731
3,2,1,11003265,1841283144
3,2,1,11003265,5515135500
3,2,1,11003265,6428246103
3,2,1,11003265,6625897842
3,2,1,11003265,7766981416
3,2,1,11003265,8739427949
3,2,1,11003265,9522816106
3,2,1,11003265,9933341243
3,2,1,11003270,638716674
3,2,1,11003270,1445863838
3,2,1,11003270,2631655459
3,2,1,11003270,3179793346
3,2,1,11003270,3523587055
3,2,1,11003270,3676097195
3,2,1,11003270,5065203377
3,2,1,11003270,6463774073
3,2,1,11003270,6982273481
3,2,1,11003270,7339990422
3,2,1,11003270,8161205439
3,2,1,11003270,8403070184
3,2,1,11003270,8510646683
3,2,1,11003270,9906191598
3,2,1,11003272,112275658
3,2,1,11003272,287351134
3,2,1,11003272,1569186998
3,2,1,11003272,1936029889
3,2,1,11003272,3843628119
3,2,1,11003272,4116538265
3,2,1,11003272,5797020155
3,2,1,11003272,6322938247
3,2,1,11003272,6472601834
3,2,1,11003272,7610741129
3,2,1,11003272,7627019465
3,2,1,11003272,8929769338
3,2,1,11003272,8992087803
3,2,1,11003272,9602623978
3,2,1,11003291,854763855
3,2,1,11003291,1589264332
3,2,1,11003291,3409683378
3,2,1,11003291,4252874295
3,2,1,11003291,5669288970
3,2,1,11003291,5732257350
3,2,1,11003291,5757892846
3,2,1,11003291,5988902868
3,2,1,11003291,6250530625
3,2,1,11003291,6623686536
3,2,1,11003291,6895367835
3,2,1,11003291,7777416769
3,2,1,11003291,8955059737
3,2,1,11003291,9165706908
3,2,1,11003294,293414144
3,2,1,11003294,2450560397
3,2,1,11003294,2475491863
3,2,1,11003294,2857532208
3,2,1,11003294,3334299894
3,2,1,11003294,3520284906
3,2,1,11003294,3613369034
3,2,1,11003294,4474763734
3,2,1,11003294,5350205289
3,2,1,11003294,5358550670
3,2,1,11003294,6964688400
3,2,1,11003294,6987065436
3,2,1,11003294,7831083899
3,2,1,11003294,8125908629
3,2,1,11003297,2274059146
3,2,1,11003297,3040643190
3,2,1,11003297,3249634399
3,2,1,11003297,3316830625
3,2,1,11003297,3382617736
3,2,1,11003297,5135022287
3,2,1,11003297,7396338314
3,2,1,11003297,8252655015
3,2,1,11003297,8260179243
3,2,1,11003297,8552841453
3,2,1,11003297,9147634649
3,2,1,11003297,9188850448
3,2,1,11003297,9279871104
3,2,1,11003297,9710470606
3,2,1,11003301,597994229
3,2,1,11003301,2501774721
3,2,1,11003301,2777477102
3,2,1,11003301,3680302210
3,2,1,11003301,5368237721
3,2,1,11003301,5992788011
3,2,1,11003301,6180902162
3,2,1,11003301,6494984815
3,2,1,11003301,6672026241
3,2,1,11003301,6762882405
3,2,1,11003301,7825938215
3,2,1,11003301,7833116461
3,2,1,11003301,9189171929
3,2,1,11003301,9241150581
3,2,1,11003303,29526373
3,2,1,11003303,668982004
3,2,1,11003303,1634393234
3,2,1,11003303,2558450906
3,2,1,11003303,3044434432
3,2,1,11003303,3055303998
3,2,1,11003303,4890202827
3,2,1,11003303,5375637985
3,2,1,11003303,5598963081
3,2,1,11003303,6253186117
3,2,1,11003303,7022850159
3,2,1,11003303,7864432059
3,2,1,11003303,9215198752
3,2,1,11003303,9358985687
3,2,1,11003311,1368791965
3,2,1,11003311,2258722058
3,2,1,11003311,5763903962
3,2,1,11003311,5811141194
3,2,1,11003311,5863191296
3,2,1,11003311,5875003750
3,2,1,11003311,6208341749
3,2,1,11003311,6757272887
3,2,1,11003311,6907602069
3,2,1,11003311,7039189717
3,2,1,11003311,7720936461
3,2,1,11003311,8079013369
3,2,1,11003311,8363265489
3,2,1,11003311,9934100317
3,2,1,11003312,241631045
3,2,1,11003312,600018668
3,2,1,11003312,2154010693
3,2,1,11003312,2515039369
3,2,1,11003312,2707300496
3,2,1,11003312,3009132647
3,2,1,11003312,3431929305
3,2,1,11003312,3798586825
3,2,1,11003312,4059181268
3,2,1,11003312,4604525893
3,2,1,11003312,4857542771
3,2,1,11003312,6989916287
3,2,1,11003312,8058793648
3,2,1,11003312,9027030397
3,2,1,11003317,814671194
3,2,1,11003317,2003950376
3,2,1,11003317,2027246305
3,2,1,11003317,2582140215
3,2,1,11003317,2611964622
3,2,1,11003317,2985515360
3,2,1,11003317,3580858135
3,2,1,11003317,3926710525
3,2,1,11003317,4172673523
3,2,1,11003317,5840086213
3,2,1,11003317,7005890839
3,2,1,11003317,7954938357
3,2,1,11003317,8476712983
3,2,1,11003317,9820473445
3,2,1,11003345,20415757
3,2,1,11003345,1222622464
3,2,1,11003345,1722144357
3,2,1,11003345,1788604635
3,2,1,11003345,2114514127
3,2,1,11003345,2567911194
3,2,1,11003345,2855774735
3,2,1,11003345,3939135076
3,2,1,11003345,5984209475
3,2,1,11003345,7335230786
3,2,1,11003345,7552240511
3,2,1,11003345,7920028620
3,2,1,11003345,9119958318
3,2,1,11003345,9607642199
3,2,1,11003347,545123025
3,2,1,11003347,1153569682
3,2,1,11003347,1293847731
3,2,1,11003347,1444697327
3,2,1,11003347,2204608759
3,2,1,11003347,2226826592
3,2,1,11003347,3347267298
3,2,1,11003347,5799583036
3,2,1,11003347,7308245203
3,2,1,11003347,7630012823
3,2,1,11003347,7714128073
3,2,1,11003347,7788223704
3,2,1,11003347,8236957117
3,2,1,11003347,9990686644
3,2,1,11003348,105745199
3,2,1,11003348,1600400030
3,2,1,11003348,1683077309
3,2,1,11003348,3137618935
3,2,1,11003348,3584192078
3,2,1,11003348,3804460015
3,2,1,11003348,4359020120
3,2,1,11003348,5717516942
3,2,1,11003348,7205708375
3,2,1,11003348,7350227523
3,2,1,11003348,7614247850
3,2,1,11003348,8443301631
3,2,1,11003348,9511420776
3,2,1,11003348,9804776437
3,2,1,11003364,332112486
3,2,1,11003364,1161464087
3,2,1,11003364,1484177226
3,2,1,11003364,1486796256
3,2,1,11003364,3441475728
3,2,1,11003364,4842399468
3,2,1,11003364,5129134704
3,2,1,11003364,6149247663
3,2,1,11003364,6446305258
3,2,1,11003364,7276157852
3,2,1,11003364,8655075161
3,2,1,11003364,9082321781
3,2,1,11003364,9216552672
3,2,1,11003364,9431686707
3,2,1,11003366,1234473563
3,2,1,11003366,1977127366
3,2,1,11003366,2619149604
3,2,1,11003366,3149459891
3,2,1,11003366,3420355436
3,2,1,11003366,3736345832
3,2,1,11003366,4133158849
3,2,1,11003366,4985828854
3,2,1,11003366,5890769028
3,2,1,11003366,6099325702
3,2,1,11003366,6426683906
3,2,1,11003366,9145672514
3,2,1,11003366,9174153761
3,2,1,11003366,9647490445
3,2,1,11003368,1195302025
3,2,1,11003368,1886863013
3,2,1,11003368,2852260845
3,2,1,11003368,3418720257
3,2,1,11003368,3979878244
3,2,1,11003368,6744779919
3,2,1,11003368,6756169414
3,2,1,11003368,7035472558
3,2,1,11003368,7714938641
3,2,1,11003368,8020294880
3,2,1,11003368,8140568582
3,2,1,11003368,8705125565
3,2,1,11003368,8915857576
3,2,1,11003368,9255921458
3,2,1,11003378,556186420
3,2,1,11003378,757195678
3,2,1,11003378,1304767267
3,2,1,11003378,2299891868
3,2,1,11003378,2891642002
3,2,1,11003378,4631707263
3,2,1,11003378,4653386638
3,2,1,11003378,4932051677
3,2,1,11003378,7016561680
3,2,1,11003378,7319149574
3,2,1,11003378,7464400813
3,2,1,11003378,8132118247
3,2,1,11003378,8355354285
3,2,1,11003378,9405566854
3,2,1,11003382,136096069
3,2,1,11003382,601564257
3,2,1,11003382,1666815296
3,2,1,11003382,1707063923
3,2,1,11003382,1971060107
3,2,1,11003382,2338876019
3,2,1,11003382,5728511284
3,2,1,11003382,6479273930
3,2,1,11003382,6861054407
3,2,1,11003382,7754656609
3,2,1,11003382,8087241602
3,2,1,11003382,9377417543
3,2,1,11003382,9381328049
3,2,1,11003382,9693006375
3,2,1,11003385,514176142
3,2,1,11003385,1138061179
3,2,1,11003385,1494099010
3,2,1,11003385,2153796829
3,2,1,11003385,2388112553
3,2,1,11003385,2978898215
3,2,1,11003385,3274199506
3,2,1,11003385,3504404279
3,2,1,11003385,3733593464
3,2,1,11003385,6776680873
3,2,1,11003385,7197431314
3,2,1,11003385,7837460364
3,2,1,11003385,8333466789
3,2,1,11003385,9846782974
3,2,1,11003388,123176863
3,2,1,11003388,253369609
3,2,1,11003388,1903518130
3,2,1,11003388,2008953585
3,2,1,11003388,2130174376
3,2,1,11003388,3037684283
3,2,1,11003388,3555798730
3,2,1,11003388,4796830003
3,2,1,11003388,5363336241
3,2,1,11003388,6638987176
3,2,1,11003388,7449637356
3,2,1,11003388,8529064137
3,2,1,11003388,8932653521
3,2,1,11003388,9462325973
3,2,1,11003389,145764499
3,2,1,11003389,1957417090
3,2,1,11003389,3869014683
3,2,1,11003389,4965919239
3,2,1,11003389,5031363156
3,2,1,11003389,5078841765
3,2,1,11003389,5185824173
3,2,1,11003389,5315363406
3,2,1,11003389,5901820549
3,2,1,11003389,7244630052
3,2,1,11003389,8291036798
3,2,1,11003389,9275707721
3,2,1,11003389,9277839498
3,2,1,11003389,9428063167
3,2,1,11003390,960713400
3,2,1,11003390,1712146769
3,2,1,11003390,3083737632
3,2,1,11003390,3225226359
3,2,1,11003390,3417872837
3,2,1,11003390,3604812836
3,2,1,11003390,4757561825
3,2,1,11003390,5729861232
3,2,1,11003390,6056838933
3,2,1,11003390,7507988313
3,2,1,11003390,7920480850
3,2,1,11003390,8278758199
3,2,1,11003390,8950785359
3,2,1,11003390,9836965375
3,2,1,11003391,2742128829
3,2,1,11003391,4516226189
3,2,1,11003391,4873011796
3,2,1,11003391,4976325262
3,2,1,11003391,5116308410
3,2,1,11003391,5206179596
3,2,1,11003391,5217939287
3,2,1,11003391,5447679442
3,2,1,11003391,5631243554
3,2,1,11003391,8322146104
3,2,1,11003391,8880682893
3,2,1,11003391,8907841633
3,2,1,11003391,9839126719
3,2,1,11003391,9868784021
3,2,1,11003392,28226788
3,2,1,11003392,45707830
3,2,1,11003392,254759129
3,2,1,11003392,266364885
3,2,1,11003392,813725284
3,2,1,11003392,868407019
3,2,1,11003392,896991682
3,2,1,11003392,1025865072
3,2,1,11003392,1082292645
3,2,1,11003392,1369023693
3,2,1,11003392,1550974445
3,2,1,11003392,1672126875
3,2,1,11003392,2360355733
3,2,1,11003392,2900600605
3,2,1,11003392,2965800749
3,2,1,11003392,3339040189
3,2,1,11003392,3432383735
3,2,1,11003392,3450603527
3,2,1,11003392,3988524179
3,2,1,11003392,4065768810
3,2,1,11003392,4183396041
3,2,1,11003392,4235738113
3,2,1,11003392,4239692980
3,2,1,11003392,4439867233
3,2,1,11003392,4497382747
3,2,1,11003392,5059665862
3,2,1,11003392,5068515093
3,2,1,11003392,5258427415
3,2,1,11003392,5263004224
3,2,1,11003392,5471195193
3,2,1,11003392,5666815522
3,2,1,11003392,6223898137
3,2,1,11003392,6594854871
3,2,1,11003392,6682761370
3,2,1,11003392,6845625867
3,2,1,11003392,6850777697
3,2,1,11003392,6877553727
3,2,1,11003392,6913315762
3,2,1,11003392,7056638759
3,2,1,11003392,7815634635
3,2,1,11003392,8446836312
3,2,1,11003392,9851131731
3,2,1,11003393,1286355312
3,2,1,11003393,1913125182
3,2,1,11003393,2062419847
3,2,1,11003393,3457458680
3,2,1,11003393,4217741828
3,2,1,11003393,5299084509
3,2,1,11003393,5782028917
3,2,1,11003393,6669486221
3,2,1,11003393,6684539972
3,2,1,11003393,6790508387
3,2,1,11003393,7672030323
3,2,1,11003393,7762940799
3,2,1,11003393,9192773972
3,2,1,11003393,9906211560
3,2,1,11003401,1596516224
3,2,1,11003401,2131334835
3,2,1,11003401,2275795093
3,2,1,11003401,4582199795
3,2,1,11003401,4602582441
3,2,1,11003401,4672044703
3,2,1,11003401,5316596238
3,2,1,11003401,5369084284
3,2,1,11003401,7040888662
3,2,1,11003401,7335809898
3,2,1,11003401,7356484281
3,2,1,11003401,7634703955
3,2,1,11003401,9049805224
3,2,1,11003401,9252926242
3,2,1,11003410,1100855417
3,2,1,11003410,1998709903
3,2,1,11003410,2126159347
3,2,1,11003410,3502044477
3,2,1,11003410,4549604090
3,2,1,11003410,4945112499
3,2,1,11003410,5134256183
3,2,1,11003410,6604472828
3,2,1,11003410,6744524934
3,2,1,11003410,7494079384
3,2,1,11003410,8134559563
3,2,1,11003410,8807073655
3,2,1,11003410,9645167023
3,2,1,11003410,9901489048
3,2,1,11003411,107915593
3,2,1,11003411,126605947
3,2,1,11003411,150372044
3,2,1,11003411,3904395066
3,2,1,11003411,4063928037
3,2,1,11003411,4075725431
3,2,1,11003411,4518541564
3,2,1,11003411,5109969904
3,2,1,11003411,5375153965
3,2,1,11003411,5740694318
3,2,1,11003411,6933562642
3,2,1,11003411,8702611748
3,2,1,11003411,9427229594
3,2,1,11003411,9915649399
3,2,1,11003414,434187758
3,2,1,11003414,3283543116
3,2,1,11003414,3520749324
3,2,1,11003414,4167631115
3,2,1,11003414,4572320434
3,2,1,11003414,5405056733
3,2,1,11003414,7156216029
3,2,1,11003414,7412392548
3,2,1,11003414,7504745705
3,2,1,11003414,7736336911
3,2,1,11003414,8715915493
3,2,1,11003414,8917450788
3,2,1,11003414,9499650903
3,2,1,11003414,9962054127
3,2,1,11003415,658034021
3,2,1,11003415,1226953494
3,2,1,11003415,2549034167
3,2,1,11003415,3388315194
3,2,1,11003415,3512856462
3,2,1,11003415,4125907230
3,2,1,11003415,5887488464
3,2,1,11003415,5960426168
3,2,1,11003415,6424806036
3,2,1,11003415,6631263033
3,2,1,11003415,7120240274
3,2,1,11003415,8412088800
3,2,1,11003415,9026513626
3,2,1,11003415,9125129449
3,2,1,11003429,858198179
3,2,1,11003429,1259707164
3,2,1,11003429,3728987832
3,2,1,11003429,3882906083
3,2,1,11003429,4475333552
3,2,1,11003429,5426480418
3,2,1,11003429,5739533623
3,2,1,11003429,6153577893
3,2,1,11003429,6240965506
3,2,1,11003429,6688884641
3,2,1,11003429,8008754152
3,2,1,11003429,8778568111
3,2,1,11003429,9450395953
3,2,1,11003429,9516970675
3,2,1,11003431,99945635
3,2,1,11003431,449260194
3,2,1,11003431,1576532840
3,2,1,11003431,1616825268
3,2,1,11003431,1767565855
3,2,1,11003431,2966926067
3,2,1,11003431,3220083672
3,2,1,11003431,5517997352
3,2,1,11003431,5993419651
3,2,1,11003431,6644301151
3,2,1,11003431,6912680149
3,2,1,11003431,7750378251
3,2,1,11003431,7993209385
3,2,1,11003431,9719343484
3,2,1,11003437,1243749799
3,2,1,11003437,1330351835
3,2,1,11003437,2059439962
3,2,1,11003437,2460285328
3,2,1,11003437,2523528621
3,2,1,11003437,2738434691
3,2,1,11003437,3323933719
3,2,1,11003437,3368504270
3,2,1,11003437,3913029983
3,2,1,11003437,5131330001
3,2,1,11003437,5815749950
3,2,1,11003437,7062784392
3,2,1,11003437,7318828039
3,2,1,11003437,9543261586
3,2,1,11003442,22194877
3,2,1,11003442,431021300
3,2,1,11003442,634738972
3,2,1,11003442,784792725
3,2,1,11003442,2199145625
3,2,1,11003442,2494709608
3,2,1,11003442,3808428607
3,2,1,11003442,4732461676
3,2,1,11003442,5259630357
3,2,1,11003442,5443151198
3,2,1,11003442,6626831184
3,2,1,11003442,7637656672
3,2,1,11003442,7718248294
3,2,1,11003442,9737768086
3,2,1,11003452,421016899
3,2,1,11003452,1825681815
3,2,1,11003452,2228910187
3,2,1,11003452,2408680941
3,2,1,11003452,2984346067
3,2,1,11003452,3572433732
3,2,1,11003452,4495399602
3,2,1,11003452,4708330815
3,2,1,11003452,4734142764
3,2,1,11003452,5640113835
3,2,1,11003452,7109121511
3,2,1,11003452,7752595456
3,2,1,11003452,8284204318
3,2,1,11003452,9000663684
3,2,1,11003453,1962678551
3,2,1,11003453,3850165758
3,2,1,11003453,3958537564
3,2,1,11003453,3959452847
3,2,1,11003453,5024530081
3,2,1,11003453,5162480474
3,2,1,11003453,5221410637
3,2,1,11003453,5527874293
3,2,1,11003453,5742150207
3,2,1,11003453,6271758811
3,2,1,11003453,7448562711
3,2,1,11003453,9325286596
3,2,1,11003453,9356643558
3,2,1,11003453,9460388670
3,2,1,11003464,1239483728
3,2,1,11003464,1585979055
3,2,1,11003464,1887775259
3,2,1,11003464,2547700224
3,2,1,11003464,2899219515
3,2,1,11003464,5010286599
3,2,1,11003464,6458610499
3,2,1,11003464,6870646643
3,2,1,11003464,7101882870
3,2,1,11003464,7426875341
3,2,1,11003464,7593446860
3,2,1,11003464,8569109028
3,2,1,11003464,9589512571
3,2,1,11003464,9604659207
3,2,1,11003465,436150813
3,2,1,11003465,876983623
3,2,1,11003465,1701410245
3,2,1,11003465,1927009977
3,2,1,11003465,2584235993
3,2,1,11003465,5096646563
3,2,1,11003465,5193210089
3,2,1,11003465,5777013940
3,2,1,11003465,6548021888
3,2,1,11003465,7023672344
3,2,1,11003465,7770535562
3,2,1,11003465,8630116011
3,2,1,11003465,9112227657
3,2,1,11003465,9815533374
3,2,1,11003473,1446215242
3,2,1,11003473,1578003011
3,2,1,11003473,1783229741
3,2,1,11003473,2277712852
3,2,1,11003473,4182275912
3,2,1,11003473,5198607453
3,2,1,11003473,5957859518
3,2,1,11003473,6157721647
3,2,1,11003473,7727951358
3,2,1,11003473,8197989354
3,2,1,11003473,8567937535
3,2,1,11003473,8611484273
3,2,1,11003473,9200614471
3,2,1,11003473,9870205228
3,2,1,11003480,1268840771
3,2,1,11003480,2195140274
3,2,1,11003480,2277595415
3,2,1,11003480,2942039159
3,2,1,11003480,3811649273
3,2,1,11003480,5553207683
3,2,1,11003480,6229809082
3,2,1,11003480,6459586150
3,2,1,11003480,7284707947
3,2,1,11003480,7677992940
3,2,1,11003480,7694514830
3,2,1,11003480,7879573643
3,2,1,11003480,8048241147
3,2,1,11003480,9311449570
3,2,1,11003483,643349018
3,2,1,11003483,962635265
3,2,1,11003483,2767237053
3,2,1,11003483,3844699960
3,2,1,11003483,3968953631
3,2,1,11003483,4347072944
3,2,1,11003483,4548511331
3,2,1,11003483,5352200254
3,2,1,11003483,5659674284
3,2,1,11003483,6020845747
3,2,1,11003483,8309669392
3,2,1,11003483,9230547319
3,2,1,11003483,9491186837
3,2,1,11003483,9707674161
3,2,1,11003485,492326472
3,2,1,11003485,782642978
3,2,1,11003485,1778720267
3,2,1,11003485,1884799348
3,2,1,11003485,2129194456
3,2,1,11003485,2463829043
3,2,1,11003485,2704607131
3,2,1,11003485,2740764110
3,2,1,11003485,3279312104
3,2,1,11003485,3740171429
3,2,1,11003485,4046934136
3,2,1,11003485,4085552367
3,2,1,11003485,4694917345
3,2,1,11003485,4732873084
3,2,1,11003485,5714735587
3,2,1,11003485,5821703334
3,2,1,11003485,6246286806
3,2,1,11003485,6859516727
3,2,1,11003485,6894503965
3,2,1,11003485,7100882172
3,2,1,11003485,7727170241
3,2,1,11003485,7977996736
3,2,1,11003485,8353058960
3,2,1,11003485,8367038887
3,2,1,11003485,8624781025
3,2,1,11003485,8640735698
3,2,1,11003485,9047947502
3,2,1,11003485,9234036958
3,2,1,11003486,529787619
3,2,1,11003486,814110206
3,2,1,11003486,1215114240
3,2,1,11003486,1919820351
3,2,1,11003486,2048287646
3,2,1,11003486,3356977258
3,2,1,11003486,3930880737
3,2,1,11003486,4084062741
3,2,1,11003486,6119948925
3,2,1,11003486,6154800984
3,2,1,11003486,7885725162
3,2,1,11003486,8777965122
3,2,1,11003486,9087288892
3,2,1,11003486,9274683527
3,2,1,11003500,108000234
3,2,1,11003500,120709512
3,2,1,11003500,160514956
3,2,1,11003500,3318971987
3,2,1,11003500,4322055908
3,2,1,11003500,4358122471
3,2,1,11003500,4973615568
3,2,1,11003500,5785481992
3,2,1,11003500,7103318043
3,2,1,11003500,7841496851
3,2,1,11003500,7882650734
3,2,1,11003500,7914176245
3,2,1,11003500,8706422677
3,2,1,11003500,9902447534
3,2,1,11003501,557719450
3,2,1,11003501,795024728
3,2,1,11003501,1108183380
3,2,1,11003501,3368762611
3,2,1,11003501,3497599976
3,2,1,11003501,3581261467
3,2,1,11003501,5247937767
3,2,1,11003501,6202826540
3,2,1,11003501,6629528159
3,2,1,11003501,7085178377
3,2,1,11003501,7768757168
3,2,1,11003501,8041455508
3,2,1,11003501,8050124519
3,2,1,11003501,8226358881
3,2,1,11003506,670319712
3,2,1,11003506,1180903512
3,2,1,11003506,1264142931
3,2,1,11003506,1652305785
3,2,1,11003506,1903094200
3,2,1,11003506,2754043755
3,2,1,11003506,2806900173
3,2,1,11003506,4274574855
3,2,1,11003506,5450516940
3,2,1,11003506,6715095860
3,2,1,11003506,8870845044
3,2,1,11003506,8935091791
3,2,1,11003506,8942855555
3,2,1,11003506,9453286901
3,2,1,11003507,127961335
3,2,1,11003507,1021369349
3,2,1,11003507,1658405200
3,2,1,11003507,2005847664
3,2,1,11003507,2528718245
3,2,1,11003507,2943691124
3,2,1,11003507,3876668613
3,2,1,11003507,4662230881
3,2,1,11003507,5443363981
3,2,1,11003507,6266214515
3,2,1,11003507,7049147175
3,2,1,11003507,8279209727
3,2,1,11003507,8383923196
3,2,1,11003507,8477593011
3,2,1,11003510,1750764710
3,2,1,11003510,2101401045
3,2,1,11003510,3554644720
3,2,1,11003510,4475137927
3,2,1,11003510,4534529582
3,2,1,11003510,5604956754
3,2,1,11003510,6113946337
3,2,1,11003510,6122945187
3,2,1,11003510,6188223858
3,2,1,11003510,6448351753
3,2,1,11003510,7855097694
3,2,1,11003510,8246847206
3,2,1,11003510,8650542799
3,2,1,11003510,9978519833
3,2,1,11003511,314470397
3,2,1,11003511,1493096332
3,2,1,11003511,3561449495
3,2,1,11003511,4729570857
3,2,1,11003511,4990978428
3,2,1,11003511,5012644642
3,2,1,11003511,5053186742
3,2,1,11003511,5713816597
3,2,1,11003511,6571677035
3,2,1,11003511,6749777655
3,2,1,11003511,8112578138
3,2,1,11003511,8130532370
3,2,1,11003511,8382278652
3,2,1,11003511,8784992429
3,2,1,11003514,360586217
3,2,1,11003514,582332410
3,2,1,11003514,613330001
3,2,1,11003514,855176334
3,2,1,11003514,963063691
3,2,1,11003514,967077065
3,2,1,11003514,1511898107
3,2,1,11003514,1588948494
3,2,1,11003514,1724658481
3,2,1,11003514,2385554272
3,2,1,11003514,2477255227
3,2,1,11003514,2890956769
3,2,1,11003514,2977837221
3,2,1,11003514,3086366446
3,2,1,11003514,3123676004
3,2,1,11003514,3511986470
3,2,1,11003514,4771066287
3,2,1,11003514,4866016884
3,2,1,11003514,4995908081
3,2,1,11003514,5063292672
3,2,1,11003514,6128210935
3,2,1,11003514,6325624360
3,2,1,11003514,6545971107
3,2,1,11003514,8309519884
3,2,1,11003514,8585026108
3,2,1,11003514,9424485948
3,2,1,11003514,9469136558
3,2,1,11003514,9545566388
3,2,1,11003521,245523294
3,2,1,11003521,1056670510
3,2,1,11003521,1329821009
3,2,1,11003521,1449553969
3,2,1,11003521,1903792890
3,2,1,11003521,1905454147
3,2,1,11003521,1970727434
3,2,1,11003521,2044447807
3,2,1,11003521,2674065147
3,2,1,11003521,3041006874
3,2,1,11003521,3100929916
3,2,1,11003521,5328980995
3,2,1,11003521,9459168147
3,2,1,11003521,9590386910
3,2,1,11003529,167390033
3,2,1,11003529,1921553413
3,2,1,11003529,2224881206
3,2,1,11003529,2304010799
3,2,1,11003529,3826640177
3,2,1,11003529,4691569427
3,2,1,11003529,5657163273
3,2,1,11003529,5749772634
3,2,1,11003529,5878809288
3,2,1,11003529,7059794149
3,2,1,11003529,7414320201
3,2,1,11003529,8109845819
3,2,1,11003529,8601930152
3,2,1,11003529,9997885335
3,2,1,11003558,59457593
3,2,1,11003558,217573698
3,2,1,11003558,1103541207
3,2,1,11003558,1650111124
3,2,1,11003558,1673914946
3,2,1,11003558,1762919348
3,2,1,11003558,2832283715
3,2,1,11003558,4981080974
3,2,1,11003558,5135522676
3,2,1,11003558,5153322304
3,2,1,11003558,5448694989
3,2,1,11003558,7796414716
3,2,1,11003558,8809720863
3,2,1,11003558,9940126966
3,2,1,11003560,780761717
3,2,1,11003560,2163934200
3,2,1,11003560,2174414859
3,2,1,11003560,2542345779
3,2,1,11003560,4360877194
3,2,1,11003560,4524883641
3,2,1,11003560,4777367037
3,2,1,11003560,4979807544
3,2,1,11003560,5466008884
3,2,1,11003560,5865206978
3,2,1,11003560,6783597026
3,2,1,11003560,8260610251
3,2,1,11003560,8316250580
3,2,1,11003560,9432689269
3,2,1,11003562,1101860140
3,2,1,11003562,1690222932
3,2,1,11003562,1701245315
3,2,1,11003562,3009915169
3,2,1,11003562,3290668930
3,2,1,11003562,3836299590
3,2,1,11003562,4168891191
3,2,1,11003562,5263343948
3,2,1,11003562,5306909890
3,2,1,11003562,6750729686
3,2,1,11003562,7208540899
3,2,1,11003562,7361336811
3,2,1,11003562,7688809288
3,2,1,11003562,9460370284
3,2,1,11003571,396397152
3,2,1,11003571,1900366312
3,2,1,11003571,2353876619
3,2,1,11003571,2689169716
3,2,1,11003571,3113493628
3,2,1,11003571,3220591284
3,2,1,11003571,5029965945
3,2,1,11003571,5988310320
3,2,1,11003571,6796312789
3,2,1,11003571,7442787189
3,2,1,11003571,7919029859
3,2,1,11003571,8662034109
3,2,1,11003571,9047462987
3,2,1,11003571,9199133384
3,2,1,11003585,632068
3,2,1,11003585,36449372
3,2,1,11003585,2014880478
3,2,1,11003585,2524736123
3,2,1,11003585,3561579320
3,2,1,11003585,3657527096
3,2,1,11003585,3982714203
3,2,1,11003585,4638909154
3,2,1,11003585,4640310619
3,2,1,11003585,6387124528
3,2,1,11003585,6472443458
3,2,1,11003585,6557815935
3,2,1,11003585,6824744366
3,2,1,11003585,8486879653
3,2,1,11003592,834380003
3,2,1,11003592,1021804778
3,2,1,11003592,1044120067
3,2,1,11003592,2359632256
3,2,1,11003592,6146797369
3,2,1,11003592,6308519252
3,2,1,11003592,6359944891
3,2,1,11003592,7897220665
3,2,1,11003592,8074872472
3,2,1,11003592,8870949599
3,2,1,11003592,8994546778
3,2,1,11003592,9211161233
3,2,1,11003592,9419100790
3,2,1,11003592,9734229111
3,2,1,11003594,341406229
3,2,1,11003594,1490417608
3,2,1,11003594,3237978434
3,2,1,11003594,4048082801
3,2,1,11003594,4259108281
3,2,1,11003594,4364457103
3,2,1,11003594,5631859089
3,2,1,11003594,6398602737
3,2,1,11003594,6509647183
3,2,1,11003594,6571151535
3,2,1,11003594,6890704339
3,2,1,11003594,8212231493
3,2,1,11003594,9052960261
3,2,1,11003594,9111438912
3,2,1,11003597,1179159541
3,2,1,11003597,1387026015
3,2,1,11003597,1408516420
3,2,1,11003597,2098144276
3,2,1,11003597,3526952452
3,2,1,11003597,3977759374
3,2,1,11003597,4630819534
3,2,1,11003597,4804520580
3,2,1,11003597,6201503227
3,2,1,11003597,6654075560
3,2,1,11003597,7305870820
3,2,1,11003597,7670506672
3,2,1,11003597,8348493271
3,2,1,11003597,8678978653
3,2,1,11003605,1254356052
3,2,1,11003605,1367272017
3,2,1,11003605,1440795758
3,2,1,11003605,2591238064
3,2,1,11003605,2650141796
3,2,1,11003605,2815767371
3,2,1,11003605,3456802640
3,2,1,11003605,4252740741
3,2,1,11003605,5957055813
3,2,1,11003605,5993153931
3,2,1,11003605,7913687545
3,2,1,11003605,8387992915
3,2,1,11003605,9132819934
3,2,1,11003605,9679375625
3,2,1,11003614,153121088
3,2,1,11003614,1036385960
3,2,1,11003614,1055575382
3,2,1,11003614,1274692495
3,2,1,11003614,2559077423
3,2,1,11003614,3746519932
3,2,1,11003614,3845457263
3,2,1,11003614,4201420942
3,2,1,11003614,4601309190
3,2,1,11003614,5047685721
3,2,1,11003614,5505939869
3,2,1,11003614,7924961251
3,2,1,11003614,8334496042
3,2,1,11003614,9235082128
3,2,1,11003624,904350928
3,2,1,11003624,1301545557
3,2,1,11003624,1375098333
3,2,1,11003624,2452969407
3,2,1,11003624,3197907174
3,2,1,11003624,3641152144
3,2,1,11003624,4569045552
3,2,1,11003624,4625596299
3,2,1,11003624,5614622752
3,2,1,11003624,7235362682
3,2,1,11003624,7838351448
3,2,1,11003624,9018859241
3,2,1,11003624,9285271317
3,2,1,11003624,9775032446
3,2,1,11003635,1131233110
3,2,1,11003635,1579595183
3,2,1,11003635,2337290038
3,2,1,11003635,2832754129
3,2,1,11003635,3564478497
3,2,1,11003635,3777844068
3,2,1,11003635,4562888401
3,2,1,11003635,4575136027
3,2,1,11003635,6299698358
3,2,1,11003635,6990729967
3,2,1,11003635,8144182813
3,2,1,11003635,8165219160
3,2,1,11003635,8516049953
3,2,1,11003635,8760071825
3,2,1,11003640,96967701
3,2,1,11003640,227852873
3,2,1,11003640,857487849
3,2,1,11003640,3633892478
3,2,1,11003640,3806634447
3,2,1,11003640,4058948639
3,2,1,11003640,4225686932
3,2,1,11003640,4398839406
3,2,1,11003640,4415330030
3,2,1,11003640,5236350695
3,2,1,11003640,6600937493
3,2,1,11003640,6982538981
3,2,1,11003640,8196039423
3,2,1,11003640,9739768691
3,2,1,11003646,2372208390
3,2,1,11003646,2989299851
3,2,1,11003646,3287875849
3,2,1,11003646,4201279243
3,2,1,11003646,6655885717
3,2,1,11003646,7629001286
3,2,1,11003646,8052182196
3,2,1,11003646,8138580847
3,2,1,11003646,8234605231
3,2,1,11003646,8641628018
3,2,1,11003646,8674307691
3,2,1,11003646,8764730528
3,2,1,11003646,9056813809
3,2,1,11003646,9572393994
3,2,1,11003647,621850080
3,2,1,11003647,655519667
3,2,1,11003647,1167711489
3,2,1,11003647,1961169668
3,2,1,11003647,3432887968
3,2,1,11003647,4144056915
3,2,1,11003647,5239471612
3,2,1,11003647,5795407787
3,2,1,11003647,5978503378
3,2,1,11003647,6021127920
3,2,1,11003647,6290832093
3,2,1,11003647,6708533449
3,2,1,11003647,8196542803
3,2,1,11003647,9259363114
3,2,1,11003655,304469770
3,2,1,11003655,650299499
3,2,1,11003655,1748978662
3,2,1,11003655,2567061822
3,2,1,11003655,3708182991
3,2,1,11003655,3762382188
3,2,1,11003655,4438629760
3,2,1,11003655,4736124464
3,2,1,11003655,4856085177
3,2,1,11003655,5709079277
3,2,1,11003655,6314674971
3,2,1,11003655,7927671036
3,2,1,11003655,9015066340
3,2,1,11003655,9124824778
3,2,1,11003672,90001843
3,2,1,11003672,426355860
3,2,1,11003672,888364538
3,2,1,11003672,2893568393
3,2,1,11003672,3165817753
3,2,1,11003672,5311733939
3,2,1,11003672,5756163627
3,2,1,11003672,6228471280
3,2,1,11003672,6899994839
3,2,1,11003672,7217999498
3,2,1,11003672,8254281851
3,2,1,11003672,8972486462
3,2,1,11003672,9070008074
3,2,1,11003672,9323651636
3,2,1,11003675,1022416484
3,2,1,11003675,1802200865
3,2,1,11003675,1817798472
3,2,1,11003675,1894599051
3,2,1,11003675,2581055072
3,2,1,11003675,2675070380
3,2,1,11003675,2976856091
3,2,1,11003675,3063177396
3,2,1,11003675,5137154837
3,2,1,11003675,5285826698
3,2,1,11003675,7259097888
3,2,1,11003675,7929698273
3,2,1,11003675,9168239295
3,2,1,11003675,9263367346
3,2,1,11003678,796304808
3,2,1,11003678,1184440454
3,2,1,11003678,1584665857
3,2,1,11003678,1695544583
3,2,1,11003678,3869033178
3,2,1,11003678,4149566277
3,2,1,11003678,4629965447
3,2,1,11003678,5362569368
3,2,1,11003678,9090788096
3,2,1,11003678,9308967417
3,2,1,11003678,9665532032
3,2,1,11003678,9736643155
3,2,1,11003678,9872290139
3,2,1,11003678,9922218676
3,2,1,11003685,826902099
3,2,1,11003685,1046559319
3,2,1,11003685,1137552973
3,2,1,11003685,3108135981
3,2,1,11003685,3178861922
3,2,1,11003685,3318519009
3,2,1,11003685,5284267130
3,2,1,11003685,5595388021
3,2,1,11003685,5816569756
3,2,1,11003685,5915631651
3,2,1,11003685,6949450083
3,2,1,11003685,9101010050
3,2,1,11003685,9438585812
3,2,1,11003685,9642634889
3,2,1,11003694,534928070
3,2,1,11003694,2651546391
3,2,1,11003694,3240226614
3,2,1,11003694,3918637492
3,2,1,11003694,5014058195
3,2,1,11003694,5020929917
3,2,1,11003694,5612089467
3,2,1,11003694,6483299123
3,2,1,11003694,6734227314
3,2,1,11003694,7164609159
3,2,1,11003694,7388714081
3,2,1,11003694,8116363612
3,2,1,11003694,8352940051
3,2,1,11003694,8668999135
3,2,1,11003696,5637532
3,2,1,11003696,1186892241
3,2,1,11003696,1863118007
3,2,1,11003696,2549538733
3,2,1,11003696,3283615332
3,2,1,11003696,3726111288
3,2,1,11003696,4192119111
3,2,1,11003696,5152662673
3,2,1,11003696,5717480283
3,2,1,11003696,6630804782
3,2,1,11003696,6951305471
3,2,1,11003696,8126478602
3,2,1,11003696,8880195501
3,2,1,11003696,9670911903
3,2,1,11003697,249605946
3,2,1,11003697,421936659
3,2,1,11003697,1142801981
3,2,1,11003697,1587045377
3,2,1,11003697,2232126917
3,2,1,11003697,2391803721
3,2,1,11003697,3459377799
3,2,1,11003697,3554526965
3,2,1,11003697,5757943021
3,2,1,11003697,7793207344
3,2,1,11003697,7945339309
3,2,1,11003697,8084354589
3,2,1,11003697,8678421991
3,2,1,11003697,9369259509
3,2,1,11003705,103302143
3,2,1,11003705,608316872
3,2,1,11003705,1015486466
3,2,1,11003705,1282730388
3,2,1,11003705,1288899802
3,2,1,11003705,1570982130
3,2,1,11003705,1616176748
3,2,1,11003705,1861448703
3,2,1,11003705,1919103101
3,2,1,11003705,2197710075
3,2,1,11003705,2271643078
3,2,1,11003705,2361180467
3,2,1,11003705,2361386687
3,2,1,11003705,2375308294
3,2,1,11003705,2381572049
3,2,1,11003705,3010555669
3,2,1,11003705,3192527778
3,2,1,11003705,3326391983
3,2,1,11003705,4635831321
3,2,1,11003705,4784321605
3,2,1,11003705,5378168692
3,2,1,11003705,5585384910
3,2,1,11003705,6263761071
3,2,1,11003705,6568537175
3,2,1,11003705,6811323565
3,2,1,11003705,7116591886
3,2,1,11003705,7187445666
3,2,1,11003705,7368721536
3,2,1,11003705,7392350235
3,2,1,11003705,8070803958
3,2,1,11003705,8102854820
3,2,1,11003705,8195053718
3,2,1,11003705,8242376310
3,2,1,11003705,8281288238
3,2,1,11003705,8352845794
3,2,1,11003705,8484407609
3,2,1,11003705,8558683425
3,2,1,11003705,9195256796
3,2,1,11003705,9241093529
3,2,1,11003705,9484906162
3,2,1,11003705,9777090112
3,2,1,11003705,9835388301
3,2,1,11003707,1964814875
3,2,1,11003707,2506420015
3,2,1,11003707,2510751230
3,2,1,11003707,3508518135
3,2,1,11003707,3999376070
3,2,1,11003707,4172920598
3,2,1,11003707,4665656233
3,2,1,11003707,5517208861
3,2,1,11003707,6461818264
3,2,1,11003707,6684425665
3,2,1,11003707,7683000056
3,2,1,11003707,7785968640
3,2,1,11003707,7791781771
3,2,1,11003707,9970349867
3,2,1,11003708,647329209
3,2,1,11003708,1553104257
3,2,1,11003708,2464680648
3,2,1,11003708,3226424601
3,2,1,11003708,3805021126
3,2,1,11003708,3973267664
3,2,1,11003708,4179778929
3,2,1,11003708,4768311785
3,2,1,11003708,6773229944
3,2,1,11003708,7267614906
3,2,1,11003708,7591271086
3,2,1,11003708,8372219842
3,2,1,11003708,8894720543
3,2,1,11003708,9721975078
3,2,1,11003712,1607747411
3,2,1,11003712,2234689877
3,2,1,11003712,3538361922
3,2,1,11003712,3866531941
3,2,1,11003712,4742482081
3,2,1,11003712,5150335236
3,2,1,11003712,6591542416
3,2,1,11003712,6728489624
3,2,1,11003712,6741859948
3,2,1,11003712,6887148633
3,2,1,11003712,7325888898
3,2,1,11003712,8064999473
3,2,1,11003712,9088916580
3,2,1,11003712,9592259539
3,2,1,11003719,103591183
3,2,1,11003719,312874293
3,2,1,11003719,1747236708
3,2,1,11003719,1908473128
3,2,1,11003719,2593720199
3,2,1,11003719,3500628657
3,2,1,11003719,3633786859
3,2,1,11003719,4086834249
3,2,1,11003719,4171448628
3,2,1,11003719,4779525785
3,2,1,11003719,5656742217
3,2,1,11003719,6596845488
3,2,1,11003719,7736968962
3,2,1,11003719,9200847190
3,2,1,11003722,380188958
3,2,1,11003722,455711710
3,2,1,11003722,1618402287
3,2,1,11003722,1673082276
3,2,1,11003722,2465098582
3,2,1,11003722,4847638918
3,2,1,11003722,4932981735
3,2,1,11003722,5163496113
3,2,1,11003722,5590011356
3,2,1,11003722,7355100771
3,2,1,11003722,8474860352
3,2,1,11003722,8555830354
3,2,1,11003722,8720599590
3,2,1,11003722,8733059404
3,2,1,11003734,102172840
3,2,1,11003734,469701153
3,2,1,11003734,2916624936
3,2,1,11003734,3388930649
3,2,1,11003734,3829541374
3,2,1,11003734,4221139783
3,2,1,11003734,4660865641
3,2,1,11003734,5955408532
3,2,1,11003734,7011275286
3,2,1,11003734,7362566721
3,2,1,11003734,7751483162
3,2,1,11003734,8178927656
3,2,1,11003734,9609738710
3,2,1,11003734,9672771811
3,2,1,11003740,53939727
3,2,1,11003740,925528558
3,2,1,11003740,1797763810
3,2,1,11003740,2326786102
3,2,1,11003740,3151211927
3,2,1,11003740,3879932072
3,2,1,11003740,4026803654
3,2,1,11003740,4559628040
3,2,1,11003740,5858347653
3,2,1,11003740,6365972884
3,2,1,11003740,6541303361
3,2,1,11003740,6631847842
3,2,1,11003740,7594851521
3,2,1,11003740,7729238594
3,2,1,11003744,72544840
3,2,1,11003744,170957044
3,2,1,11003744,462368386
3,2,1,11003744,707838999
3,2,1,11003744,955787140
3,2,1,11003744,2472675116
3,2,1,11003744,2550930129
3,2,1,11003744,3076979577
3,2,1,11003744,3380796038
3,2,1,11003744,3501143242
3,2,1,11003744,5654191308
3,2,1,11003744,6942929890
3,2,1,11003744,7029001767
3,2,1,11003744,7750079766
3,2,1,11003748,478825513
3,2,1,11003748,601038597
3,2,1,11003748,734669864
3,2,1,11003748,750537521
3,2,1,11003748,2279924707
3,2,1,11003748,4542148268
3,2,1,11003748,4567683150
3,2,1,11003748,4832506504
3,2,1,11003748,6121586786
3,2,1,11003748,6486939047
3,2,1,11003748,7294599948
3,2,1,11003748,7653221222
3,2,1,11003748,8043241539
3,2,1,11003748,8090645894
3,2,1,11003752,1357704205
3,2,1,11003752,1389372327
3,2,1,11003752,1700865879
3,2,1,11003752,2251714930
3,2,1,11003752,3453295889
3,2,1,11003752,3627269258
3,2,1,11003752,5215783110
3,2,1,11003752,5379646131
3,2,1,11003752,5684707882
3,2,1,11003752,6141703964
3,2,1,11003752,6980097040
3,2,1,11003752,8803745991
3,2,1,11003752,9526124429
3,2,1,11003752,9719393353
3,2,1,11003754,495520761
3,2,1,11003754,668363667
3,2,1,11003754,1868293690
3,2,1,11003754,1955359845
3,2,1,11003754,2254842636
3,2,1,11003754,2263006311
3,2,1,11003754,2327130481
3,2,1,11003754,2478491265
3,2,1,11003754,2812972160
3,2,1,11003754,3813917527
3,2,1,11003754,3830815825
3,2,1,11003754,4074910893
3,2,1,11003754,4108080880
3,2,1,11003754,4259256026
3,2,1,11003754,4666519977
3,2,1,11003754,5055226543
3,2,1,11003754,5334541107
3,2,1,11003754,6421691512
3,2,1,11003754,6768007876
3,2,1,11003754,7018944857
3,2,1,11003754,7418556079
3,2,1,11003754,7459418650
3,2,1,11003754,7991751091
3,2,1,11003754,8169607107
3,2,1,11003754,8716562884
3,2,1,11003754,8783375149
3,2,1,11003754,8974331190
3,2,1,11003754,9690362911
3,2,1,11003755,1003092971
3,2,1,11003755,1216170623
3,2,1,11003755,2685310862
3,2,1,11003755,3334377351
3,2,1,11003755,4285642068
3,2,1,11003755,4379602999
3,2,1,11003755,4561321137
3,2,1,11003755,5375488690
3,2,1,11003755,7395326924
3,2,1,11003755,7764145653
3,2,1,11003755,7772435405
3,2,1,11003755,9358511106
3,2,1,11003755,9748589862
3,2,1,11003755,9750049770
3,2,1,11003758,3771554
3,2,1,11003758,112795574
3,2,1,11003758,183919539
3,2,1,11003758,1065924258
3,2,1,11003758,1413225901
3,2,1,11003758,1797063223
3,2,1,11003758,2536525740
3,2,1,11003758,3477884428
3,2,1,11003758,4338190100
3,2,1,11003758,5564543030
3,2,1,11003758,8036769926
3,2,1,11003758,8296872277
3,2,1,11003758,9432813367
3,2,1,11003758,9649717581
3,2,1,11003763,948637630
3,2,1,11003763,2942726554
3,2,1,11003763,3282213181
3,2,1,11003763,3590185259
3,2,1,11003763,5862024288
3,2,1,11003763,6371361636
3,2,1,11003763,6433995972
3,2,1,11003763,6537162238
3,2,1,11003763,6766031804
3,2,1,11003763,7040569133
3,2,1,11003763,7229249878
3,2,1,11003763,7884549061
3,2,1,11003763,9528522801
3,2,1,11003763,9886910636
3,2,1,11003771,339190450
3,2,1,11003771,448694298
3,2,1,11003771,477235950
3,2,1,11003771,2031739994
3,2,1,11003771,2091852433
3,2,1,11003771,3339910837
3,2,1,11003771,4531232420
3,2,1,11003771,5764643381
3,2,1,11003771,5885366606
3,2,1,11003771,6452301858
3,2,1,11003771,7250836585
3,2,1,11003771,7924720515
3,2,1,11003771,8612800110
3,2,1,11003771,9772576158
3,2,1,11003774,91006286
3,2,1,11003774,253159624
3,2,1,11003774,1009067199
3,2,1,11003774,2042732230
3,2,1,11003774,2606843224
3,2,1,11003774,3595141851
3,2,1,11003774,3624451219
3,2,1,11003774,5658941536
3,2,1,11003774,6197841509
3,2,1,11003774,6382172595
3,2,1,11003774,8108509937
3,2,1,11003774,8398142460
3,2,1,11003774,9289712377
3,2,1,11003774,9342783854
3,2,1,11003780,334837395
3,2,1,11003780,1144506371
3,2,1,11003780,1397732287
3,2,1,11003780,2109879944
3,2,1,11003780,2943982358
3,2,1,11003780,4014084256
3,2,1,11003780,4502175944
3,2,1,11003780,4637138610
3,2,1,11003780,5043974841
3,2,1,11003780,6033432550
3,2,1,11003780,7053066716
3,2,1,11003780,7480371686
3,2,1,11003780,9685182273
3,2,1,11003780,9771374705
3,2,1,11003782,148035023
3,2,1,11003782,438252437
3,2,1,11003782,578627075
3,2,1,11003782,605559884
3,2,1,11003782,1126615661
3,2,1,11003782,3261995594
3,2,1,11003782,4572698507
3,2,1,11003782,5389070286
3,2,1,11003782,5732735604
3,2,1,11003782,7581306061
3,2,1,11003782,8190186488
3,2,1,11003782,8470889997
3,2,1,11003782,9322986596
3,2,1,11003782,9539198850
3,2,1,11003786,822309948
3,2,1,11003786,1236228101
3,2,1,11003786,2264948203
3,2,1,11003786,2686639630
3,2,1,11003786,4231144959
3,2,1,11003786,4318862611
3,2,1,11003786,4541659153
3,2,1,11003786,6219796309
3,2,1,11003786,6734284433
3,2,1,11003786,7202521404
3,2,1,11003786,7563458716
3,2,1,11003786,8200212390
3,2,1,11003786,9667132641
3,2,1,11003786,9967366703
3,2,1,11003788,845265610
3,2,1,11003788,2507991929
3,2,1,11003788,3761266024
3,2,1,11003788,4402599418
3,2,1,11003788,4497428113
3,2,1,11003788,5179668195
3,2,1,11003788,5253122615
3,2,1,11003788,5421683985
3,2,1,11003788,6968720039
3,2,1,11003788,7002144881
3,2,1,11003788,7254489568
3,2,1,11003788,8368842733
3,2,1,11003788,8693343756
3,2,1,11003788,9142453941
3,2,1,11003796,612553763
3,2,1,11003796,1205193593
3,2,1,11003796,1602015293
3,2,1,11003796,1611652347
3,2,1,11003796,4102063379
3,2,1,11003796,6080748011
3,2,1,11003796,7508513225
3,2,1,11003796,7531232407
3,2,1,11003796,7867092611
3,2,1,11003796,8142127637
3,2,1,11003796,8511610477
3,2,1,11003796,8996973734
3,2,1,11003796,9231314185
3,2,1,11003796,9535496412
3,2,1,11003802,184641306
3,2,1,11003802,213835294
3,2,1,11003802,655288451
3,2,1,11003802,914029742
3,2,1,11003802,2945359316
3,2,1,11003802,3273552163
3,2,1,11003802,4437660874
3,2,1,11003802,5311764792
3,2,1,11003802,7312104304
3,2,1,11003802,7517198804
3,2,1,11003802,8213591605
3,2,1,11003802,8430966184
3,2,1,11003802,8914297849
3,2,1,11003802,8931959225
3,2,1,11003804,1108848437
3,2,1,11003804,1532023229
3,2,1,11003804,1918139080
3,2,1,11003804,2238061293
3,2,1,11003804,3330380220
3,2,1,11003804,3992863411
3,2,1,11003804,6257584858
3,2,1,11003804,6443759938
3,2,1,11003804,7157804094
3,2,1,11003804,7528113800
3,2,1,11003804,8555198172
3,2,1,11003804,9239554324
3,2,1,11003804,9348757602
3,2,1,11003804,9892649050
3,2,1,11003814,2446666624
3,2,1,11003814,2670093628
3,2,1,11003814,2934531827
3,2,1,11003814,3050901559
3,2,1,11003814,4152695075
3,2,1,11003814,4691651180
3,2,1,11003814,4705061933
3,2,1,11003814,5029252822
3,2,1,11003814,6324944526
3,2,1,11003814,6907814090
3,2,1,11003814,7028653921
3,2,1,11003814,7220465079
3,2,1,11003814,7225620833
3,2,1,11003814,8786558125
3,2,1,11003816,861998973
3,2,1,11003816,993459179
3,2,1,11003816,1045687564
3,2,1,11003816,2130122187
3,2,1,11003816,3661095256
3,2,1,11003816,4016776713
3,2,1,11003816,4422478453
3,2,1,11003816,7042231250
3,2,1,11003816,7443157581
3,2,1,11003816,8972426431
3,2,1,11003816,9266111192
3,2,1,11003816,9324880823
3,2,1,11003816,9506478039
3,2,1,11003816,9751526289
3,2,1,11003827,1056605380
3,2,1,11003827,2001426366
3,2,1,11003827,2476247491
3,2,1,11003827,2806874065
3,2,1,11003827,3084723665
3,2,1,11003827,3986477251
3,2,1,11003827,4641494755
3,2,1,11003827,4660821236
3,2,1,11003827,4680819368
3,2,1,11003827,4689662974
3,2,1,11003827,7670773249
3,2,1,11003827,8047412181
3,2,1,11003827,8066856702
3,2,1,11003827,8439207127
3,2,1,11003828,255808829
3,2,1,11003828,788245779
3,2,1,11003828,1162245344
3,2,1,11003828,1580616436
3,2,1,11003828,1672554402
3,2,1,11003828,1845898333
3,2,1,11003828,2689793055
3,2,1,11003828,3313003418
3,2,1,11003828,3662502781
3,2,1,11003828,3782358813
3,2,1,11003828,4065021085
3,2,1,11003828,4786012348
3,2,1,11003828,6716460623
3,2,1,11003828,6901929909
3,2,1,11003828,7124796091
3,2,1,11003828,7947365457
3,2,1,11003828,7969755512
3,2,1,11003828,7992309511
3,2,1,11003828,8066623671
3,2,1,11003828,8310195457
3,2,1,11003828,8313162561
3,2,1,11003828,8316392009
3,2,1,11003828,8375363296
3,2,1,11003828,8901129676
3,2,1,11003828,8942341278
3,2,1,11003828,9001275374
3,2,1,11003828,9092502481
3,2,1,11003828,9888630977
3,2,1,11003834,373983221
3,2,1,11003834,643453533
3,2,1,11003834,1759481961
3,2,1,11003834,2977544482
3,2,1,11003834,4142101088
3,2,1,11003834,5257733114
3,2,1,11003834,6494414485
3,2,1,11003834,6824235663
3,2,1,11003834,7088061940
3,2,1,11003834,7248132519
3,2,1,11003834,7831489527
3,2,1,11003834,9212341732
3,2,1,11003834,9259522129
3,2,1,11003834,9541675535
3,2,1,11003840,1132344807
3,2,1,11003840,1904663628
3,2,1,11003840,2032558935
3,2,1,11003840,2408021110
3,2,1,11003840,3079586761
3,2,1,11003840,3694996262
3,2,1,11003840,3849390409
3,2,1,11003840,4937198461
3,2,1,11003840,5038748499
3,2,1,11003840,6089725099
3,2,1,11003840,6471738201
3,2,1,11003840,8087887157
3,2,1,11003840,9005567703
3,2,1,11003840,9629345519
3,2,1,11003845,55280583
3,2,1,11003845,391995464
3,2,1,11003845,602117822
3,2,1,11003845,2216834325
3,2,1,11003845,3891456406
3,2,1,11003845,4217507953
3,2,1,11003845,4804140666
3,2,1,11003845,4911493667
3,2,1,11003845,5310147147
3,2,1,11003845,5517134849
3,2,1,11003845,5692697341
3,2,1,11003845,6948382529
3,2,1,11003845,9602298344
3,2,1,11003845,9727139279
3,2,1,11003846,1416013937
3,2,1,11003846,1891085124
3,2,1,11003846,2322633363
3,2,1,11003846,2835428372
3,2,1,11003846,3907485071
3,2,1,11003846,4111376236
3,2,1,11003846,4177020775
3,2,1,11003846,4779307850
3,2,1,11003846,5158789193
3,2,1,11003846,7392971239
3,2,1,11003846,8114554141
3,2,1,11003846,9456606618
3,2,1,11003846,9510187705
3,2,1,11003846,9909881529
3,2,1,11003858,1400560784
3,2,1,11003858,2325276544
3,2,1,11003858,3190261105
3,2,1,11003858,3260543797
3,2,1,11003858,3293496383
3,2,1,11003858,4912726559
3,2,1,11003858,4936444653
3,2,1,11003858,5918590052
3,2,1,11003858,6466726204
3,2,1,11003858,6566455207
3,2,1,11003858,7342633324
3,2,1,11003858,8318998171
3,2,1,11003858,8450677781
3,2,1,11003858,9489343993
3,2,1,11003863,86328335
3,2,1,11003863,4525414417
3,2,1,11003863,4858205409
3,2,1,11003863,5305187162
3,2,1,11003863,6491124312
3,2,1,11003863,6942484289
3,2,1,11003863,6953865206
3,2,1,11003863,7083343462
3,2,1,11003863,7315146267
3,2,1,11003863,7342992441
3,2,1,11003863,8020592193
3,2,1,11003863,8223350481
3,2,1,11003863,9404881110
3,2,1,11003863,9483218829
3,2,1,11003865,123106395
3,2,1,11003865,894841449
3,2,1,11003865,2375760532
3,2,1,11003865,2993721124
3,2,1,11003865,3684915431
3,2,1,11003865,4284044456
3,2,1,11003865,4745484751
3,2,1,11003865,5152768513
3,2,1,11003865,6401890022
3,2,1,11003865,7221803655
3,2,1,11003865,7803158400
3,2,1,11003865,8237960462
3,2,1,11003865,9973547835
3,2,1,11003865,9991528625
3,2,1,11003875,449381571
3,2,1,11003875,553597828
3,2,1,11003875,2394974504
3,2,1,11003875,4393116011
3,2,1,11003875,5438714564
3,2,1,11003875,5482360729
3,2,1,11003875,5514568227
3,2,1,11003875,6103977139
3,2,1,11003875,7307194102
3,2,1,11003875,7567333791
3,2,1,11003875,8000884697
3,2,1,11003875,8230852574
3,2,1,11003875,8407895739
3,2,1,11003875,9175881317
3,2,1,11003882,364216943
3,2,1,11003882,874950700
3,2,1,11003882,908544036
3,2,1,11003882,1374385510
3,2,1,11003882,1740082736
3,2,1,11003882,2798017306
3,2,1,11003882,3464848140
3,2,1,11003882,5119529744
3,2,1,11003882,6553150968
3,2,1,11003882,6868222051
3,2,1,11003882,7527168560
3,2,1,11003882,7945705897
3,2,1,11003882,8959317943
3,2,1,11003882,9212528820
3,2,1,11003894,1711048408
3,2,1,11003894,1977590755
3,2,1,11003894,2435508238
3,2,1,11003894,2957880588
3,2,1,11003894,4420660101
3,2,1,11003894,4512438922
3,2,1,11003894,6220096206
3,2,1,11003894,6443550960
3,2,1,11003894,7300715038
3,2,1,11003894,7438168289
3,2,1,11003894,7969999465
3,2,1,11003894,9057559846
3,2,1,11003894,9641211508
3,2,1,11003894,9735444245
3,2,1,11003900,113529893
3,2,1,11003900,240574667
3,2,1,11003900,549250499
3,2,1,11003900,1550740706
3,2,1,11003900,2434555606
3,2,1,11003900,2462231839
3,2,1,11003900,2669789634
3,2,1,11003900,3576448860
3,2,1,11003900,4041454917
3,2,1,11003900,4834768707
3,2,1,11003900,4860091806
3,2,1,11003900,8125855259
3,2,1,11003900,8437755719
3,2,1,11003900,9009418251
3,2,1,11003903,135601251
3,2,1,11003903,1805319273
3,2,1,11003903,1892954006
3,2,1,11003903,2213234364
3,2,1,11003903,2476973429
3,2,1,11003903,2622490257
3,2,1,11003903,3712407273
3,2,1,11003903,5384625816
3,2,1,11003903,5600180306
3,2,1,11003903,6212301401
3,2,1,11003903,6914344340
3,2,1,11003903,7433930883
3,2,1,11003903,8679704603
3,2,1,11003903,9066433670
3,2,1,11003906,891975611
3,2,1,11003906,1004043644
3,2,1,11003906,1138538653
3,2,1,11003906,1655706935
3,2,1,11003906,2232133735
3,2,1,11003906,3045728771
3,2,1,11003906,3417104802
3,2,1,11003906,3445246937
3,2,1,11003906,4677188959
3,2,1,11003906,6403355897
3,2,1,11003906,6745648787
3,2,1,11003906,8401752154
3,2,1,11003906,8516887978
3,2,1,11003906,9542505987
3,2,1,11003918,71220380
3,2,1,11003918,2917839705
3,2,1,11003918,4216538003
3,2,1,11003918,5068542614
3,2,1,11003918,5479249988
3,2,1,11003918,5684255233
3,2,1,11003918,6069445923
3,2,1,11003918,6746265193
3,2,1,11003918,6808458544
3,2,1,11003918,6881653119
3,2,1,11003918,7251477638
3,2,1,11003918,8511860040
3,2,1,11003918,8550764496
3,2,1,11003918,9798275229
3,2,1,11003923,141703872
3,2,1,11003923,780075417
3,2,1,11003923,1477849581
3,2,1,11003923,1575983829
3,2,1,11003923,1964527374
3,2,1,11003923,3318354164
3,2,1,11003923,4258785470
3,2,1,11003923,4501515566
3,2,1,11003923,5094901214
3,2,1,11003923,5581278822
3,2,1,11003923,5898248162
3,2,1,11003923,6701414736
3,2,1,11003923,9213160300
3,2,1,11003923,9969397851
3,2,1,11003926,249403582
3,2,1,11003926,605086934
3,2,1,11003926,764346858
3,2,1,11003926,957726685
3,2,1,11003926,1357064169
3,2,1,11003926,1622165622
3,2,1,11003926,1721795576
3,2,1,11003926,1728161983
3,2,1,11003926,2166505333
3,2,1,11003926,2671981289
3,2,1,11003926,3326947961
3,2,1,11003926,3791548939
3,2,1,11003926,4003208441
3,2,1,11003926,4018170577
3,2,1,11003926,4221002824
3,2,1,11003926,4445328369
3,2,1,11003926,4872752145
3,2,1,11003926,5051963097
3,2,1,11003926,5839499006
3,2,1,11003926,5925857193
3,2,1,11003926,6419559121
3,2,1,11003926,7101501628
3,2,1,11003926,8515505597
3,2,1,11003926,8678232716
3,2,1,11003926,9146446983
3,2,1,11003926,9699566820
3,2,1,11003926,9751297627
3,2,1,11003926,9755712688
3,2,1,11003928,118604292
3,2,1,11003928,169047315
3,2,1,11003928,900969125
3,2,1,11003928,1463297914
3,2,1,11003928,1477627769
3,2,1,11003928,1675470790
3,2,1,11003928,2003955220
3,2,1,11003928,2507334851
3,2,1,11003928,3661395628
3,2,1,11003928,4868474034
3,2,1,11003928,6443551718
3,2,1,11003928,6745770168
3,2,1,11003928,8139743863
3,2,1,11003928,8997242987
3,2,1,11003940,154735162
3,2,1,11003940,1174339939
3,2,1,11003940,1770985141
3,2,1,11003940,2066890922
3,2,1,11003940,3590094492
3,2,1,11003940,3610182315
3,2,1,11003940,3705058815
3,2,1,11003940,3762948008
3,2,1,11003940,4294773278
3,2,1,11003940,4392595118
3,2,1,11003940,4399533069
3,2,1,11003940,4517597727
3,2,1,11003940,4550107948
3,2,1,11003940,4723003445
3,2,1,11003940,5208244805
3,2,1,11003940,6281894061
3,2,1,11003940,6326659661
3,2,1,11003940,6498906548
3,2,1,11003940,6855262382
3,2,1,11003940,7052545234
3,2,1,11003940,7101464069
3,2,1,11003940,7318389386
3,2,1,11003940,7650774832
3,2,1,11003940,8237773296
3,2,1,11003940,8564736481
3,2,1,11003940,9285434619
3,2,1,11003940,9797689760
3,2,1,11003940,9883477959
3,2,1,11003949,95530894
3,2,1,11003949,1647439263
3,2,1,11003949,1842527208
3,2,1,11003949,2175405707
3,2,1,11003949,2237515101
3,2,1,11003949,4263113334
3,2,1,11003949,4541904389
3,2,1,11003949,4843762736
3,2,1,11003949,4853560396
3,2,1,11003949,8508313418
3,2,1,11003949,8669385558
3,2,1,11003949,9185928465
3,2,1,11003949,9217670319
3,2,1,11003949,9420788167
3,2,1,11003951,234469769
3,2,1,11003951,424157467
3,2,1,11003951,444055881
3,2,1,11003951,590065763
3,2,1,11003951,849963063
3,2,1,11003951,1508011660
3,2,1,11003951,1551266023
3,2,1,11003951,2877807125
3,2,1,11003951,3070754265
3,2,1,11003951,3288821434
3,2,1,11003951,3773670256
3,2,1,11003951,4075320388
3,2,1,11003951,4329975721
3,2,1,11003951,4401398086
3,2,1,11003951,4674433111
3,2,1,11003951,5086709787
3,2,1,11003951,5302457867
3,2,1,11003951,5839177313
3,2,1,11003951,7592084638
3,2,1,11003951,7807843524
3,2,1,11003951,7928390332
3,2,1,11003951,8222422033
3,2,1,11003951,8764360772
3,2,1,11003951,8926052116
3,2,1,11003951,9161110599
3,2,1,11003951,9614006991
3,2,1,11003951,9659967915
3,2,1,11003951,9924726713
3,2,1,11003956,651444697
3,2,1,11003956,851512311
3,2,1,11003956,872607298
3,2,1,11003956,1920666176
3,2,1,11003956,2317832646
3,2,1,11003956,2386941265
3,2,1,11003956,3133808080
3,2,1,11003956,3822832374
3,2,1,11003956,3922240864
3,2,1,11003956,4225211751
3,2,1,11003956,6677450882
3,2,1,11003956,8450902648
3,2,1,11003956,8650230637
3,2,1,11003956,9974541058
3,2,1,11003965,513621915
3,2,1,11003965,630074206
3,2,1,11003965,684162693
3,2,1,11003965,952511747
3,2,1,11003965,1463060264
3,2,1,11003965,2002738228
3,2,1,11003965,3543537625
3,2,1,11003965,4064130354
3,2,1,11003965,7023894143
3,2,1,11003965,7146823562
3,2,1,11003965,7744349383
3,2,1,11003965,8083776586
3,2,1,11003965,8278123083
3,2,1,11003965,9317021002
3,2,1,11003968,267027103
3,2,1,11003968,276398693
3,2,1,11003968,2048034515
3,2,1,11003968,2149997207
3,2,1,11003968,2358387860
3,2,1,11003968,2866474053
3,2,1,11003968,3702085839
3,2,1,11003968,5110762350
3,2,1,11003968,6801070005
3,2,1,11003968,6852693723
3,2,1,11003968,7035692285
3,2,1,11003968,8135141549
3,2,1,11003968,9038417692
3,2,1,11003968,9395071370
3,2,1,11003969,600193370
3,2,1,11003969,1203146502
3,2,1,11003969,1368020719
3,2,1,11003969,1712099265
3,2,1,11003969,1779160825
3,2,1,11003969,1938442560
3,2,1,11003969,4441810796
3,2,1,11003969,5070145015
3,2,1,11003969,5427468089
3,2,1,11003969,6532588713
3,2,1,11003969,7437714594
3,2,1,11003969,8796788869
3,2,1,11003969,9364962123
3,2,1,11003969,9821036033
3,2,1,11003970,552140115
3,2,1,11003970,1462255061
3,2,1,11003970,2209674121
3,2,1,11003970,2381012143
3,2,1,11003970,2909783239
3,2,1,11003970,2917256850
3,2,1,11003970,3049499940
3,2,1,11003970,5142773125
3,2,1,11003970,6390265877
3,2,1,11003970,7486926226
3,2,1,11003970,8312044290
3,2,1,11003970,9000175135
3,2,1,11003970,9721937298
3,2,1,11003970,9995582721
3,2,1,11003971,524416563
3,2,1,11003971,811702079
3,2,1,11003971,2856354272
3,2,1,11003971,2964380116
3,2,1,11003971,3687676935
3,2,1,11003971,4095690519
3,2,1,11003971,4580227120
3,2,1,11003971,5219573944
3,2,1,11003971,6525008291
3,2,1,11003971,7026771861
3,2,1,11003971,7355293674
3,2,1,11003971,8107375267
3,2,1,11003971,9454650804
3,2,1,11003971,9662803489
3,2,1,11003973,1186523654
3,2,1,11003973,1224688774
3,2,1,11003973,1245116305
3,2,1,11003973,1616203778
3,2,1,11003973,2517046921
3,2,1,11003973,3091391790
3,2,1,11003973,3272586929
3,2,1,11003973,4269085578
3,2,1,11003973,5176194125
3,2,1,11003973,5467333471
3,2,1,11003973,6241982122
3,2,1,11003973,6953924329
3,2,1,11003973,7106626209
3,2,1,11003973,8283191613
3,2,1,11003979,368775888
3,2,1,11003979,1515096718
3,2,1,11003979,2821657054
3,2,1,11003979,2911813495
3,2,1,11003979,4253194525
3,2,1,11003979,5351762262
3,2,1,11003979,5466610992
3,2,1,11003979,6558105907
3,2,1,11003979,7571027911
3,2,1,11003979,7737441889
3,2,1,11003979,8395540372
3,2,1,11003979,8592337864
3,2,1,11003979,8689500078
3,2,1,11003979,9894769787
3,2,1,11003987,116152219
3,2,1,11003987,567567686
3,2,1,11003987,1369823862
3,2,1,11003987,1889829618
3,2,1,11003987,2693505721
3,2,1,11003987,2943090479
3,2,1,11003987,3840612277
3,2,1,11003987,5629078860
3,2,1,11003987,5660611950
3,2,1,11003987,5979951999
3,2,1,11003987,6091554547
3,2,1,11003987,8272338395
3,2,1,11003987,8945220549
3,2,1,11003987,9629881091
3,2,1,11003991,405264654
3,2,1,11003991,465825621
3,2,1,11003991,1447779665
3,2,1,11003991,4002283615
3,2,1,11003991,4322585015
3,2,1,11003991,4785435254
3,2,1,11003991,4804244611
3,2,1,11003991,4988834000
3,2,1,11003991,6440458173
3,2,1,11003991,7462280846
3,2,1,11003991,8037903632
3,2,1,11003991,8087076819
3,2,1,11003991,9497708228
3,2,1,11003991,9567958606
